Servings,Prep,Brand,Flavor,Class,Serv(g),Cal/Serv,Fat,Na,K,Carbs,Fiber,Sugar,Protein,Date added,Date modified
2,hot,Alpine Aire,Bandito Scramble,Breakfast,50,240,13,340,704,18,1,4,14,3/15/2022 1:29:38,3/15/2022 1:29:38
2,cold,Alpine Aire,Strawberry Granola with Milk,Breakfast,92,360,10,160,,49,4,19,13,3/15/2022 1:29:38,3/15/2022 1:29:38
2,cold,Alpine Aire,Chocolate Mudslide,Dessert,71,280,7,220,892,51,0,33,7,3/15/2022 1:29:38,3/15/2022 1:29:38
2,hot,Alpine Aire,Cinnamon Apple Crisp,Dessert,57,210,1,30,,57,1,24,1,3/15/2022 1:29:38,3/15/2022 1:29:38
2,hot,Alpine Aire,Three Berry Crumble,Dessert,53,200,2,65,,56,2,26,1,3/15/2022 1:29:38,3/15/2022 1:29:38
2,hot,Alpine Aire,Al Pastor with Cilantro Lime Rice,Entrée,87,330,5,450,713,20,1,4,17,3/15/2022 1:29:38,3/15/2022 1:29:38
2,hot,Alpine Aire,Black Bart Chili with Beef & Beans,Entrée,85,330,7,750,1937,43,4,7,24,3/15/2022 1:29:38,3/15/2022 1:29:38
2,hot,Alpine Aire,Cheese Enchilada Ranchero,Entrée,88,390,16,610,878,37,2,7,15,3/15/2022 1:29:38,3/15/2022 1:29:38
2,hot,Alpine Aire,Creamy Beef & Noodles with Mushrooms,Entrée,78,350,15,630,952,37,1,10,17,3/15/2022 1:29:38,3/15/2022 1:29:38
2,hot,Alpine Aire,Creamy Potato Cheddar Soup,Entrée,50,200,7,630,1002,28,1,6,7,3/15/2022 1:29:38,3/15/2022 1:29:38
2,hot,Alpine Aire,Forever Young Mac & Cheese,Entrée,99,400,12,1280,757,56,2,7,17,3/15/2022 1:29:38,3/15/2022 1:29:38
2,hot,Alpine Aire,Grilled Chicken Gumbo,Entrée,78,280,2.5,810,1431,21,1,7,16,3/15/2022 1:29:38,3/15/2022 1:29:38
2,hot,Alpine Aire,Grilled Chicken Jambalaya,Entrée,85,300,3,970,902,21,2,6,18,3/15/2022 1:29:38,3/15/2022 1:29:38
2,hot,Alpine Aire,Grilled Chicken Pad Thai,Entrée,84,320,5,900,630,55,1,9,15,3/15/2022 1:29:38,3/15/2022 1:29:38
2,hot,Alpine Aire,Hearty Beef Stew,Entrée,66,250,6,630,1073,35,3,8,17,3/15/2022 1:29:38,3/15/2022 1:29:38
2,hot,Alpine Aire,Himalayan Lentils & Rice,Entrée,85,320,3,160,763,31,2,10,11,3/15/2022 1:29:38,3/15/2022 1:29:38
2,hot,Alpine Aire,Kung Pao Beef,Entrée,85,330,8,870,731,23,3,8,16,3/15/2022 1:29:38,3/15/2022 1:29:38
2,hot,Alpine Aire,Kung Pao Grilled Chicken,Entrée,85,330,7,860,739,24,3,8,17,3/15/2022 1:29:38,3/15/2022 1:29:38
2,hot,Alpine Aire,Leonardo Da Fettuccine,Entrée,78,320,10,610,492,44,1,7,15,3/15/2022 1:29:38,3/15/2022 1:29:38
2,hot,Alpine Aire,Mexican Style Beef Bowl,Entrée,89,330,5,740,829,24,4,4,16,3/15/2022 1:29:38,3/15/2022 1:29:38
2,hot,Alpine Aire,Mexican Style Veggie Bowl,Entrée,89,310,3,640,820,27,4,5,12,3/15/2022 1:29:38,3/15/2022 1:29:38
2,hot,Alpine Aire,Mexican-Style Grilled Chicken Bowl,Entrée,88,320,4,730,833,24,4,4,17,3/15/2022 1:29:38,3/15/2022 1:29:38
2,hot,Alpine Aire,Mountain Chili,Entrée,85,290,2,590,2340,48,7,10,22,3/15/2022 1:29:38,3/15/2022 1:29:38
2,hot,Alpine Aire,Pasta Primavera with Grilled Chicken,Entrée,82,330,10,710,754,38,2,8,24,3/15/2022 1:29:38,3/15/2022 1:29:38
2,hot,Alpine Aire,Pasta Roma,Entrée,85,340,8,740,885,49,2,11,17,3/15/2022 1:29:38,3/15/2022 1:29:38
2,hot,Alpine Aire,Pepper Beef with Rice,Entrée,85,320,4,590,899,27,1,2,13,3/15/2022 1:29:38,3/15/2022 1:29:38
2,hot,Alpine Aire,Pork Jambalaya,Entrée,85,310,4.5,940,892,20,2,6,15,3/15/2022 1:29:38,3/15/2022 1:29:38
2,hot,Alpine Aire,Pork Pad Thai,Entrée,84,330,8,870,616,55,1,9,12,3/15/2022 1:29:38,3/15/2022 1:29:38
2,hot,Alpine Aire,Santa Fe Black Beans & Rice,Entrée,92,320,1,390,1385,25,5,6,11,3/15/2022 1:29:38,3/15/2022 1:29:38
2,hot,Alpine Aire,Southwestern Style Masa with Beef,Entrée,85,340,10,750,1135,47,1,10,18,3/15/2022 1:29:38,3/15/2022 1:29:38
2,hot,Alpine Aire,Spicy Grilled Chicken Curry,Entrée,85,310,5,520,811,36,1,17,14,3/15/2022 1:29:38,3/15/2022 1:29:38
2,hot,Alpine Aire,Spicy Sausage Bolognese,Entrée,94,370,10,530,1467,56,3,14,17,3/15/2022 1:29:38,3/15/2022 1:29:38
2,hot,Alpine Aire,Spicy Sausage Pasta (Pork),Entrée,71,310,12,340,410,39,0,6,12,3/15/2022 1:29:38,3/15/2022 1:29:38
2,hot,Alpine Aire,Sweet & Sour Grilled Chicken,Entrée,83,310,2.5,970,366,34,1,13,17,3/15/2022 1:29:38,3/15/2022 1:29:38
2,hot,Alpine Aire,Sweet and Sour Pork,Entrée,83,320,4.5,970,354,34,1,13,14,3/15/2022 1:29:38,3/15/2022 1:29:38
2,hot,Alpine Aire,Sweet Potato Chicken and Rice,Entrée,71,270,1.5,310,519,24,1,8,10,3/15/2022 1:29:38,3/15/2022 1:29:38
2,hot,Alpine Aire,Three Cheese Chicken Pasta,Entrée,71,290,9,550,428,35,2,4,19,3/15/2022 1:29:38,3/15/2022 1:29:38
2,hot,Alpine Aire,Three Cheese Lasagna,Entrée,73,280,6,440,1072,44,4,11,14,3/15/2022 1:29:38,3/15/2022 1:29:38
2,hot,Alpine Aire,Tuscan Grilled Chicken Alfredo,Entrée,85,340,9,780,628,46,0,8,20,3/15/2022 1:29:38,3/15/2022 1:29:38
2,hot,Backpacker's Pantry,Blueberry Walnut Oats & Quinoa,Breakfast,88,360,10,170,425,30,8,14,19,3/15/2022 1:29:38,3/15/2022 1:29:38
2,hot,Backpacker's Pantry,Cinnamon Apple Oats & Quinoa,Breakfast,108,390,4.5,300,318,44,7,30,15,3/15/2022 1:29:38,3/15/2022 1:29:38
1,cold,Backpacker's Pantry,"Granola with Blueberries, Almonds & Milk",Breakfast,133,620,31,280,486,73,7,33,16,3/15/2022 1:29:38,3/15/2022 1:29:38
1,hot,Backpacker's Pantry,"Organic Hot Blueberry, Walnut, Oats & Quinoa Cereal",Breakfast,88,360,10,170,425,30,8,14,10,3/15/2022 1:29:38,3/15/2022 1:29:38
1,hot,Backpacker's Pantry,"Organic Hot Cinnamon, Apple, Oats & Quinoa Cereal",Breakfast,116,360,4.5,230,418,70,8,22,10,3/15/2022 1:29:38,3/15/2022 1:29:38
1,hot,Backpacker's Pantry,Peanut Butter & Raisin Oatmeal,Breakfast,130,550,20,340,530,42,10,30,16,3/15/2022 1:29:38,3/15/2022 1:29:38
1,hot,Backpacker's Pantry,Rocky Mountain Scramble,Breakfast,67,290,12,920,676,26,3,6,19,3/15/2022 1:29:38,3/15/2022 1:29:38
1,hot,Backpacker's Pantry,Summit Breakfast Scramble,Breakfast,60,230,8,730,328,24,6,3,17,3/15/2022 1:29:38,3/15/2022 1:29:38
1,hot,Backpacker's Pantry,Freeze-Dried Cooked Chicken Breast,Bump,28,110,1,30,161,0,0,0,26,3/15/2022 1:29:38,3/15/2022 1:29:38
1,cold,Backpacker's Pantry,Astronaut Neopolitan Ice Cream Sandwich,Dessert,28,130,4,95,0,21,0,11,2,3/15/2022 1:29:38,3/15/2022 1:29:38
1,cold,Backpacker's Pantry,Astronaut Vanilla Ice Cream Sandwich,Dessert,28,130,4,95,0,21,0,11,2,3/15/2022 1:29:38,3/15/2022 1:29:38
2,cold,Backpacker's Pantry,Crème Brulee,Dessert,64,310,15,360,259,46,0,21,6,3/15/2022 1:29:38,3/15/2022 1:29:38
2,cold,Backpacker's Pantry,Dark Chocolate Cheesecake Mix,Dessert,64,300,15,410,369,45,1,19,6,3/15/2022 1:29:38,3/15/2022 1:29:38
2,hot,Backpacker's Pantry,Mango Sticky Rice,Dessert,74,310,8,25,88,56,2,13,5,3/15/2022 1:29:38,3/15/2022 1:29:38
2,cold,Backpacker's Pantry,Mocha Mousse Pie,Dessert,52,210,3,430,0,41,2,28,5,3/15/2022 1:29:38,3/15/2022 1:29:38
2,hot,Backpacker's Pantry,Chana Masala,Entrée,112,430,7,810,278,77,7,4,14,3/15/2022 1:29:38,3/15/2022 1:29:38
2,hot,Backpacker's Pantry,Chiang Mai Coconut Curry with Beef,Entrée,85,350,12,730,648,51,5,7,13,3/15/2022 1:29:38,3/15/2022 1:29:38
2,hot,Backpacker's Pantry,Fettuccini Alfredo with Chicken,Entrée,95,360,9,870,240,51,1,6,22,3/15/2022 1:29:38,3/15/2022 1:29:38
2,hot,Backpacker's Pantry,Jamaican Style Jerk Rice & Beans with Chicken,Entrée,89,310,2.5,1430,367,56,8,4,17,3/15/2022 1:29:38,3/15/2022 1:29:38
2,hot,Backpacker's Pantry,Kathmandu Curry,Entrée,94,330,2.5,1150,437,63,14,2,16,3/15/2022 1:29:38,3/15/2022 1:29:38
2,hot,Backpacker's Pantry,Lasagna,Entrée,88,340,8,880,895,49,4,11,19,3/15/2022 1:29:38,3/15/2022 1:29:38
2,hot,Backpacker's Pantry,Mashed Potatoes & Gravy with Beef,Entrée,47,180,3,830,498,29,2,2,9,3/15/2022 1:29:38,3/15/2022 1:29:38
2,hot,Backpacker's Pantry,Pad Thai,Entrée,115,460,17,780,985,65,8,14,20,3/15/2022 1:29:38,3/15/2022 1:29:38
2,hot,Backpacker's Pantry,Pad Thai with Chicken,Entrée,103,420,16,710,646,55,5,12,23,3/15/2022 1:29:38,3/15/2022 1:29:38
2,hot,Backpacker's Pantry,Pasta Primavera,Entrée,86,330,7,960,333,54,1,5,14,3/15/2022 1:29:38,3/15/2022 1:29:38
2,hot,Backpacker's Pantry,Risotto with Chicken,Entrée,82,300,3,1220,291,50,2,4,19,3/15/2022 1:29:38,3/15/2022 1:29:38
2,hot,Backpacker's Pantry,Santa Fe Style Rice & Beans with Chicken,Entrée,88,340,8,600,428,49,12,6,20,3/15/2022 1:29:38,3/15/2022 1:29:38
2,hot,Backpacker's Pantry,Shepherd's Potato Stew with Beef,Entrée,60,230,5,940,767,33,4,6,13,3/15/2022 1:29:38,3/15/2022 1:29:38
2,hot,Backpacker's Pantry,"Stroganoff Sauce, Egg Noodles, Beef & Mushrooms",Entrée,74,300,7,1110,297,40,1,5,16,3/15/2022 1:29:38,3/15/2022 1:29:38
2,hot,Backpacker's Pantry,Sweet & Sour Rice and Chicken,Entrée,89,340,6,550,332,56,2,9,19,3/15/2022 1:29:38,3/15/2022 1:29:38
2,hot,Backpacker's Pantry,Three Amigos Veggie Stew,Entrée,79,320,10,540,347,43,12,3,16,3/15/2022 1:29:38,3/15/2022 1:29:38
2,hot,Backpacker's Pantry,Three Cheese Mac & Cheese,Entrée,101,430,15,1130,104,53,2,5,20,3/15/2022 1:29:38,3/15/2022 1:29:38
2,hot,Backpacker's Pantry,Three Sisters Stew,Entrée,108,410,9,720,505,69,13,4,14,3/15/2022 1:29:38,3/15/2022 1:29:38
2,hot,Backpacker's Pantry,Cuban Coconut Rice & Black Beans,Side,111,420,7,820,158,77,14,5,14,3/15/2022 1:29:38,3/15/2022 1:29:38
2,hot,Backpacker's Pantry,Lousiana Red Beans & Rice,Side,85,290,1.5,1100,201,59,9,5,12,3/15/2022 1:29:38,3/15/2022 1:29:38
1,cold,Bushka's Kitchen,Citris Chia Morning Bowl,Breakfast,85,440,28,20,660,43,16,20,8,3/15/2022 1:29:38,3/15/2022 1:29:38
2,hot,Bushka's Kitchen,Cranberry Rice Pudding,Dessert,54,230,7,10,130,38,3,13,3,3/15/2022 1:29:38,3/15/2022 1:29:38
2,hot,Bushka's Kitchen,Sweet Potato Mash,Dessert,55,250,0,620,890,58,8,16,4,3/15/2022 1:29:38,3/15/2022 1:29:38
1,hot,Bushka's Kitchen,Hearty Harvest Bowl with Wild Boar,Entrée,118,570,21,570,560,63,8,14,30,3/15/2022 1:29:38,3/15/2022 1:29:38
1,hot,Bushka's Kitchen,Hunter's Pie with Ground Venison,Entrée,135,780,40,940,1780,76,13,20,33,3/15/2022 1:29:38,3/15/2022 1:29:38
1,cold,Bushka's Kitchen,Lentil Lunch,Entrée,130,600,17,760,1170,90,17,18,29,3/15/2022 1:29:38,3/15/2022 1:29:38
1,hot,Bushka's Kitchen,Unstuffed Pepper with Ground Bison,Entrée,117,570,19,710,1440,65,12,18,31,3/15/2022 1:29:38,3/15/2022 1:29:38
1,hot,Bushka's Kitchen,Zesty Zoodles in Avocado Sauce,Entrée,105,540,26,690,1090,73,10,10,11,3/15/2022 1:29:38,3/15/2022 1:29:38
2,hot,Bushka's Kitchen,Creamy Mashed Potatoes,Side,136,360,21,520,1040,36,4,3,4,3/15/2022 1:29:38,3/15/2022 1:29:38
2,hot,Firepot,Baked Apple Porridge,Breakfast,82,330,5,90,125,70,7,26,7,3/15/2022 1:29:38,3/15/2022 1:29:38
2,hot,Firepot,Beef Stew with Pearl Barley,Entrée,82,390,17,670,760,44,7,8,23,3/15/2022 1:29:38,3/15/2022 1:29:38
2,hot,Firepot,Chili Con Carne and Rice,Entrée,100,450,14,310,590,63,7,6,24,3/15/2022 1:29:38,3/15/2022 1:29:38
2,hot,Firepot,Orzo Pasta Bolognese,Entrée,100,470,14,430,440,62,3,5,26,3/15/2022 1:29:38,3/15/2022 1:29:38
2,hot,Firepot,Porcini Mushroom Risotto,Entrée,90,390,6,560,480,77,4,4,9,3/15/2022 1:29:38,3/15/2022 1:29:38
2,hot,Firepot,Spicy Pork Noodles,Entrée,80,380,12,640,880,55,8,10,23,3/15/2022 1:29:38,3/15/2022 1:29:38
2,hot,Firepot,Vegan Orzo Bolognese,Entrée,100,390,3,500,280,76,6,6,20,3/15/2022 1:29:38,3/15/2022 1:29:38
1,hot,Food for the Sole,Coconut Rice and Cuban Black Beans,Entrée,146,670,18,1840,1645,109,20,21,21,3/15/2022 1:29:38,3/15/2022 1:29:38
1,hot,Food for the Sole,Lentil Walnut Pilaf with Kale,Entrée,153,550,35,1130,1090,43,17,6,22,3/15/2022 1:29:38,3/15/2022 1:29:38
1,hot,Food for the Sole,Ratatouille with Nutty Quinoa Pilaf,Entrée,120,550,20,1520,1510,80,14,18,17,3/15/2022 1:29:38,3/15/2022 1:29:38
1,hot,Food for the Sole,Roasted Sweet Potatoes with Kale and Quinoa,Entrée,119,510,17,1220,1630,76,14,14,19,3/15/2022 1:29:38,3/15/2022 1:29:38
1,cold,Food for the Sole,Triple Peanut Slaw,Entrée,91,570,43,730,900,43,10,16,21,3/15/2022 1:29:38,3/15/2022 1:29:38
1,cold,Food for the Sole,Zesty Miso Broccoli Slaw,Entrée,99,580,47,1330,990,35,10,15,15,3/15/2022 1:29:38,3/15/2022 1:29:38
1,cold,Good To-Go,Granola,Breakfast,136,580,24,220,375,74,12,29,17,3/15/2022 1:29:38,3/15/2022 1:29:38
1,hot,Good To-Go,Oatmeal,Breakfast,122,490,14,170,630,76,12,27,16,3/15/2022 1:29:38,3/15/2022 1:29:38
2,hot,Good To-Go,Bibimbap,Entrée,95,370,8,670,576,66,4,11,9,3/15/2022 1:29:38,3/15/2022 1:29:38
2,hot,Good To-Go,Chicken Gumbo,Entrée,95,330,8,420,770,54,6,3,16,3/15/2022 1:29:38,3/15/2022 1:29:38
2,hot,Good To-Go,Chicken Pho,Entrée,95,390,8,1220,970,54,2,6,27,3/15/2022 1:29:38,3/15/2022 1:29:38
2,hot,Good To-Go,Classic Marinara with Pasta,Entrée,100,430,11,300,927,74,7,14,11,3/15/2022 1:29:38,3/15/2022 1:29:38
2,hot,Good To-Go,Cuban Rice Bowl,Entrée,123,540,17,580,980,82,9,10,15,3/15/2022 1:29:38,3/15/2022 1:29:38
2,hot,Good To-Go,Herbed Mushroom Risotto,Entrée,95,410,10,420,641,64,4,3,13,3/15/2022 1:29:38,3/15/2022 1:29:38
2,hot,Good To-Go,Indian Vegetable Korma,Entrée,95,390,16,690,1165,52,12,17,15,3/15/2022 1:29:38,3/15/2022 1:29:38
2,hot,Good To-Go,Kale and White Bean Stew,Entrée,93,360,8,640,1430,60,13,12,16,3/15/2022 1:29:38,3/15/2022 1:29:38
2,hot,Good To-Go,Mexican Quinoa Bowl,Entrée,95,350,8,390,1236,67,9,9,13,3/15/2022 1:29:38,3/15/2022 1:29:38
2,hot,Good To-Go,New England Corn Chowdah,Entrée,93,330,6,620,930,63,6,15,13,3/15/2022 1:29:38,3/15/2022 1:29:38
2,hot,Good To-Go,Pad Thai,Entrée,109,430,10,340,596,73,5,15,16,3/15/2022 1:29:38,3/15/2022 1:29:38
2,hot,Good To-Go,Smoked Three Bean Chili,Entrée,99,340,5,360,1178,63,15,13,16,3/15/2022 1:29:38,3/15/2022 1:29:38
2,hot,Good To-Go,Thai Curry,Entrée,95,380,14,500,413,56,7,8,10,3/15/2022 1:29:38,3/15/2022 1:29:38
1,cold,Happy Yak,Granola Apple Cinnamon,Breakfast,150,640,26,430,950,88,9,54,21,3/15/2022 1:29:38,3/15/2022 1:29:38
1,cold,Happy Yak,Granola Raspberry and Vanilla,Breakfast,140,610,27,420,900,76,9,41,21,3/15/2022 1:29:38,3/15/2022 1:29:38
2,hot,Happy Yak,Merry Berry Couscous,Breakfast,53,190,0.4,70,300,39,2,18,8,3/15/2022 1:29:38,3/15/2022 1:29:38
2,hot,Happy Yak,Chia Delight,Dessert,45,200,8,40,225,25,5,15,7,3/15/2022 1:29:38,3/15/2022 1:29:38
2,hot,Happy Yak,7-Flavour Consomme,Entrée,35,120,2,700,250,21,2,2,7,3/15/2022 1:29:38,3/15/2022 1:29:38
2,hot,Happy Yak,Bengali Rice,Entrée,85,320,3.5,470,450,56,6,3,16,3/15/2022 1:29:38,3/15/2022 1:29:38
2,hot,Happy Yak,Cheese and Mushroom Risotto,Entrée,80,320,7,590,350,51,2,6,14,3/15/2022 1:29:38,3/15/2022 1:29:38
2,hot,Happy Yak,Coconut Thai Soup,Entrée,45,190,7,400,300,24,3,4,9,3/15/2022 1:29:38,3/15/2022 1:29:38
2,cook,Happy Yak,Mom's Dried Tomato and Cheese Macaroni,Entrée,85,310,2.5,410,600,55,6,9,17,3/15/2022 1:29:38,3/15/2022 1:29:38
2,hot,Happy Yak,Moroccan Feast,Entrée,87,330,5,310,500,59,6,5,14,3/15/2022 1:29:38,3/15/2022 1:29:38
2,hot,Happy Yak,Ranchero Soup,Entrée,35,120,0.5,500,250,24,3,4,6,3/15/2022 1:29:38,3/15/2022 1:29:38
2,hot,Happy Yak,Sunny Rice Salad,Entrée,55,220,1,160,350,43,6,3,9,3/15/2022 1:29:38,3/15/2022 1:29:38
2,hot,Happy Yak,Teriyaki Rice,Entrée,82,310,4,670,300,55,5,6,14,3/15/2022 1:29:38,3/15/2022 1:29:38
2,hot,Happy Yak,Vegan Chili,Entrée,95,360,2,490,900,67,12,10,20,3/15/2022 1:29:38,3/15/2022 1:29:38
2,hot,Happy Yak,Vegetarian Taco Mix (BYOB),Entrée,60,220,1.5,450,850,33,10,8,20,3/15/2022 1:29:38,3/15/2022 1:29:38
1,hot,Heather's Choice,Apple Pie,Breakfast,113,530,27,500,,63,10,22,13,3/15/2022 1:29:38,3/15/2022 1:29:38
1,hot,Heather's Choice,Banana Nutmeg,Breakfast,113,530,27,450,,64,10,16,14,3/15/2022 1:29:38,3/15/2022 1:29:38
1,hot,Heather's Choice,Blueberry Cinnamon,Breakfast,113,530,27,450,,65,12,21,13,3/15/2022 1:29:38,3/15/2022 1:29:38
1,hot,Heather's Choice,Cherry Cocoa Nib,Breakfast,113,530,29,450,,61,7,20,13,3/15/2022 1:29:38,3/15/2022 1:29:38
1,hot,Heather's Choice,Strawberry Vanilla,Breakfast,113,540,27,450,,64,11,25,13,3/15/2022 1:29:38,3/15/2022 1:29:38
1,hot,Heather's Choice,African Peanut Stew,Entrée,113,430,11,1870,,75,11,14,10,3/15/2022 1:29:38,3/15/2022 1:29:38
1,hot,Heather's Choice,Chicken Mole with Rice,Entrée,113,530,21,360,,52,7,15,38,3/15/2022 1:29:38,3/15/2022 1:29:38
1,hot,Heather's Choice,Grass-Fed Bison Chili,Entrée,113,550,14,870,,70,13,11,42,3/15/2022 1:29:38,3/15/2022 1:29:38
1,hot,Heather's Choice,Mom's Spaghetti with Beef and Marinara,Entrée,113,490,17,220,,56,6,4,26,3/15/2022 1:29:38,3/15/2022 1:29:38
1,hot,Heather's Choice,Smoked Sockeye Salmon Chowder,Entrée,113,490,15,400,,44,7,9,39,3/15/2022 1:29:38,3/15/2022 1:29:38
2,hot,Mountain House,Biscuits and Gravy,Breakfast,62,280,10,870,211,37,0,6,11,3/15/2022 1:29:38,3/15/2022 1:29:38
2,hot,Mountain House,Breakfast Skillet,Breakfast,53,260,12,790,380,23,2,4,14,3/15/2022 1:29:38,3/15/2022 1:29:38
1,hot,Mountain House,Breakfast Skillet (LRP),Breakfast,90,450,27,1260,,32,2,5,17,3/15/2022 1:29:38,3/15/2022 1:29:38
1,hot,Mountain House,Breakfast Skillet (PRO-PAK),Breakfast,93,450,21,1390,,40,4,7,25,3/15/2022 1:29:38,3/15/2022 1:29:38
2,cold,Mountain House,Granola with Milk and Blueberries,Breakfast,57,260,9,60,325,37,4,16,8,3/15/2022 1:29:38,3/15/2022 1:29:38
1,hot,Mountain House,Scrambled Eggs with Bacon,Breakfast,63,350,23,860,455,12,0,8,23,3/15/2022 1:29:38,3/15/2022 1:29:38
1,hot,Mountain House,Scrambled Eggs with Bacon (LRP),Breakfast,75,410,25,1190,,13,0,8,30,3/15/2022 1:29:38,3/15/2022 1:29:38
1,hot,Mountain House,Scrambled Eggs with Bacon (PRO-PAK),Breakfast,74,410,27,1000,,14,0,9,27,3/15/2022 1:29:38,3/15/2022 1:29:38
2,hot,Mountain House,"Scrambled Eggs with Ham, Peppers",Breakfast,36,190,11,330,,7,1,4,15,3/15/2022 1:29:38,3/15/2022 1:29:38
2,hot,Mountain House,Spicy Southwest Style Skillet,Breakfast,55,250,9,750,362,33,6,3,10,3/15/2022 1:29:38,3/15/2022 1:29:38
1,hot,Mountain House,Western Style Eggs (LRP),Breakfast,75,400,23,1290,,15,1,8,30,3/15/2022 1:29:38,3/15/2022 1:29:38
15,hot,Mountain House,Diced Beef,Bump,32,110,2.5,880,0,0,0,0,26,3/15/2022 1:29:38,3/15/2022 1:29:38
14,hot,Mountain House,Diced Chicken,Bump,34,170,7,470,199,0,0,0,25,3/15/2022 1:29:38,3/15/2022 1:29:38
22,hot,Mountain House,Ground Beef,Bump,37,220,15,470,191,0,0,0,20,3/15/2022 1:29:38,3/15/2022 1:29:38
1,cold,Mountain House,Cheesecake Bites,Dessert,55,240,14,190,,25,1,14,4,3/15/2022 1:29:38,3/15/2022 1:29:38
1,cold,Mountain House,Ice Cream Sandwich,Dessert,32,140,5,100,91,23,0,12,2,3/15/2022 1:29:38,3/15/2022 1:29:38
2,hot,Mountain House,Beef Stew,Entrée,46,200,8,790,475,24,2,3,10,3/15/2022 1:29:38,3/15/2022 1:29:38
1,hot,Mountain House,Beef Stew (LRP),Entrée,140,580,19,2530,,63,8,8,44,3/15/2022 1:29:38,3/15/2022 1:29:38
2,hot,Mountain House,Beef Stroganoff,Entrée,61,280,12,790,269,32,1,4,12,3/15/2022 1:29:38,3/15/2022 1:29:38
1,hot,Mountain House,Beef Stroganoff (LRP),Entrée,130,620,24,1690,,68,2,8,29,3/15/2022 1:29:38,3/15/2022 1:29:38
1,hot,Mountain House,Beef Stroganoff (PRO-PAK),Entrée,131,600,24,1530,,67,3,8,27,3/15/2022 1:29:38,3/15/2022 1:29:38
3,hot,Mountain House,Chicken a la King,Entrée,65,280,10,740,,29,1,5,18,3/15/2022 1:29:38,3/15/2022 1:29:38
2,hot,Mountain House,Chicken and Dumplings,Entrée,64,300,13,890,277,31,1,6,17,3/15/2022 1:29:38,3/15/2022 1:29:38
2,hot,Mountain House,Chicken and Mashed Potatoes,Entrée,53,230,7,740,470,20,1,4,22,3/15/2022 1:29:38,3/15/2022 1:29:38
1,hot,Mountain House,Chicken and Rice (LRP),Entrée,140,650,24,1930,,65,2,1,44,3/15/2022 1:29:38,3/15/2022 1:29:38
1,hot,Mountain House,Chicken and Rice (PRO-PAK),Entrée,138,650,24,1660,,65,2,3,43,3/15/2022 1:29:38,3/15/2022 1:29:38
2,hot,Mountain House,Chicken Fajita Bowl,Entrée,60,280,10,690,306,30,3,5,18,3/15/2022 1:29:38,3/15/2022 1:29:38
2,hot,Mountain House,Chicken Fried Rice,Entrée,66,300,9,800,311,41,1,4,13,3/15/2022 1:29:38,3/15/2022 1:29:38
2,hot,Mountain House,Chicken Teriyaki,Entrée,59,240,2.5,710,299,42,2,11,12,3/15/2022 1:29:38,3/15/2022 1:29:38
2,hot,Mountain House,Chili Mac with Beef,Entrée,54,230,6,760,432,32,4,3,12,3/15/2022 1:29:38,3/15/2022 1:29:38
1,hot,Mountain House,Chili Mac with Beef (PRO-PAK),Entrée,131,570,15,1580,,78,12,8,30,3/15/2022 1:29:38,3/15/2022 1:29:38
1,hot,Mountain House,Chili Macaroni with Beef (LRP),Entrée,136,570,15,1950,,77,12,7,31,3/15/2022 1:29:38,3/15/2022 1:29:38
2,hot,Mountain House,Creamy Macaroni and Cheese,Entrée,64,310,14,680,271,33,0,7,13,3/15/2022 1:29:38,3/15/2022 1:29:38
2,hot,Mountain House,Fettuccine Alfredo with Cheese,Entrée,78,410,23,710,338,32,1,3,17,3/15/2022 1:29:38,3/15/2022 1:29:38
2,hot,Mountain House,Homestyle Chicken Noodle Casserole,Entrée,65,280,9,650,413,31,1,6,18,3/15/2022 1:29:38,3/15/2022 1:29:38
2,hot,Mountain House,Italian Style Pepper Steak with Rice,Entrée,65,240,3.5,640,,41,6,3,16,3/15/2022 1:29:38,3/15/2022 1:29:38
2,hot,Mountain House,Lasagna with Meat Sauce,Entrée,51,220,6,600,554,30,3,7,11,3/15/2022 1:29:38,3/15/2022 1:29:38
2,hot,Mountain House,Mexican Adobo Rice & Chicken,Entrée,65,280,7,490,524,40,5,3,15,3/15/2022 1:29:38,3/15/2022 1:29:38
1,hot,Mountain House,Mexican Style Rice & Chicken (LRP),Entrée,153,640,14,1730,,91,17,8,37,3/15/2022 1:29:38,3/15/2022 1:29:38
2.5,hot,Mountain House,Noodles and Chicken,Entrée,54,220,5,710,,32,1,3,10,3/15/2022 1:29:38,3/15/2022 1:29:38
1,hot,Mountain House,Oriental Style Spicy Chicken (LRP),Entrée,150,580,8,2590,,99,7,10,32,3/15/2022 1:29:38,3/15/2022 1:29:38
2,hot,Mountain House,Pad Thai with Chicken,Entrée,55,240,7,560,230,35,1,7,10,3/15/2022 1:29:38,3/15/2022 1:29:38
2,hot,Mountain House,Pasta Primavera,Entrée,54,220,6,590,245,34,1,6,8,3/15/2022 1:29:38,3/15/2022 1:29:38
2,hot,Mountain House,Rice and Chicken,Entrée,60,250,4,730,206,46,1,2,7,3/15/2022 1:29:38,3/15/2022 1:29:38
1,hot,Mountain House,Seafood Chowder (LRP),Entrée,126,580,24,2100,,58,2,18,33,3/15/2022 1:29:38,3/15/2022 1:29:38
1,hot,Mountain House,Spaghetti w/Meat Sauce (LRP),Entrée,122,520,11,1330,,75,6,14,27,3/15/2022 1:29:38,3/15/2022 1:29:38
2,hot,Mountain House,Spaghetti with Meat Sauce,Entrée,60,250,3.5,590,636,43,4,10,10,3/15/2022 1:29:38,3/15/2022 1:29:38
1,hot,Mountain House,Spaghetti with Meat Sauce (PRO-PAK),Entrée,106.3,520,22,1190,,53,4,12,26,3/15/2022 1:29:38,3/15/2022 1:29:38
2.5,hot,Mountain House,Sweet and Sour Pork,Entrée,69,290,6,770,,49,1,12,12,3/15/2022 1:29:38,3/15/2022 1:29:38
2.5,hot,Mountain House,Turkey Tetrazzini,Entrée,48,230,8,670,,22,1,4,13,3/15/2022 1:29:38,3/15/2022 1:29:38
1,hot,Mountain House,Turkey Tetrazzini (LRP),Entrée,125,640,21,1880,,62,3,14,37,3/15/2022 1:29:38,3/15/2022 1:29:38
2,hot,Mountain House,Yellow Curry with Chicken,Entrée,55,250,9,730,347,29,2,5,13,3/15/2022 1:29:38,3/15/2022 1:29:38
1,hot,Next Mile Meals,Sausage Scramble,Breakfast,85,530,41,1240,,6,0,2,32,3/15/2022 1:29:38,3/15/2022 1:29:38
1,hot,Next Mile Meals,Steak Omelette,Breakfast,85,480,30,1460,,7,2,2,28,3/15/2022 1:29:38,3/15/2022 1:29:38
1,hot,Next Mile Meals,Beef Tacos,Entrée,102,580,42,1960,,6,2,2,42,3/15/2022 1:29:38,3/15/2022 1:29:38
1,hot,Next Mile Meals,Buffalo Ranch Chicken,Entrée,99,520,26,,,10,1,2,57,3/15/2022 1:29:38,3/15/2022 1:29:38
1,hot,Next Mile Meals,Cajun Jambalaya,Entrée,91,420,15,2020,,12,3,3,54,3/15/2022 1:29:38,3/15/2022 1:29:38
1,hot,Next Mile Meals,Chicken & Broccoli Casserole,Entrée,109.6,540,30,1110,,9,3,5,61,3/15/2022 1:29:38,3/15/2022 1:29:38
1,hot,Next Mile Meals,Coconut Chicken Curry,Entrée,99,510,29,,,13,5,2,52,3/15/2022 1:29:38,3/15/2022 1:29:38
1,hot,Next Mile Meals,Deli Roast Beef,Entrée,102.8,530,30,1570,,4,2,2,51,3/15/2022 1:29:38,3/15/2022 1:29:38
1,hot,Next Mile Meals,Italian Beef Marinara,Entrée,102,580,39,,,11,3,3,42,3/15/2022 1:29:38,3/15/2022 1:29:38
1,hot,Nomad Nutrition,Carribean Curry,Entrée,100,520,30,430,,61,12,11,9,3/15/2022 1:29:38,3/15/2022 1:29:38
1,hot,Nomad Nutrition,Hungarian Goulash,Entrée,100,600,22,350,,58,21,7,20,3/15/2022 1:29:38,3/15/2022 1:29:38
1,hot,Nomad Nutrition,Indian Red Lentil Stew,Entrée,100,680,20,300,,59,26,10,20,3/15/2022 1:29:38,3/15/2022 1:29:38
1,hot,Nomad Nutrition,Irish Shepherd's Pie,Entrée,100,790,21,600,,58,26,10,21,3/15/2022 1:29:38,3/15/2022 1:29:38
1,hot,Nomad Nutrition,Kathmandu Curry,Entrée,100,620,16,360,,64,16,14,20,3/15/2022 1:29:38,3/15/2022 1:29:38
1,hot,Nomad Nutrition,Ukrainian Borscht,Entrée,100,470,15,300,,67,16,13,15,3/15/2022 1:29:38,3/15/2022 1:29:38
1,hot,Off Grid,Bison Fajita Bowl,Entrée,112,710,26,790,,13,,4,40,3/15/2022 1:29:38,3/15/2022 1:29:38
1,hot,Off Grid,Bison Penne Pomodoro,Entrée,112,780,19,790,,46,14,12,34,3/15/2022 1:29:38,3/15/2022 1:29:38
1,hot,Off Grid,OG Bison Chili,Entrée,112,710,22,690,,56,13,9,46,3/15/2022 1:29:38,3/15/2022 1:29:38
1,hot,Off Grid,Quail Tinga Tacos,Entrée,112,720,8,750,,23,6,3,34,3/15/2022 1:29:38,3/15/2022 1:29:38
1,cook,PackIt Gourmet,Diner Deluxe Eggs with Sausage,Breakfast,83,460,38,450,400,3,0,0,24,3/15/2022 1:29:38,3/15/2022 1:29:38
1,cook,PackIt Gourmet,Diner Deluxe Scrambled Eggs,Breakfast,81,420,34,270,390,4,0,0,24,3/15/2022 1:29:38,3/15/2022 1:29:38
1,hot,PackIt Gourmet,Good Day Sunshine Bowl,Breakfast,125,530,23,15,300,74,10,25,12,3/15/2022 1:29:38,3/15/2022 1:29:38
1,hot,PackIt Gourmet,Polenta with Pork Sausage,Breakfast,86,370,14,870,110,48,5,10,14,3/15/2022 1:29:38,3/15/2022 1:29:38
1,hot,PackIt Gourmet,Santa Fe Breakfast Corn Pudding,Breakfast,115,480,17,910,260,65,7,16,19,3/15/2022 1:29:38,3/15/2022 1:29:38
1,hot,PackIt Gourmet,TexMex Breakfast Tacos (BYOB),Breakfast,61,380,30,440,490,10,2,1,18,3/15/2022 1:29:38,3/15/2022 1:29:38
1,hot,PackIt Gourmet,West Memphis Grits Souffle,Breakfast,90,360,12,810,40,52,3,6,14,3/15/2022 1:29:38,3/15/2022 1:29:38
1,cold,PackIt Gourmet,Apple Dices (Freeze-Dried),Bump,28,100,0,0,200,26,6,19,0,3/15/2022 1:29:38,3/15/2022 1:29:38
1,hot,PackIt Gourmet,Bell Pepper Dices (Freeze-Dried),Bump,14,45,0,0,300,11,3,4,2,3/15/2022 1:29:38,3/15/2022 1:29:38
1,hot,PackIt Gourmet,Black Beans (Pre-Cooked),Bump,85,310,2,0,0,56,14,2,20,3/15/2022 1:29:38,3/15/2022 1:29:38
1,cold,PackIt Gourmet,Blueberries (Freeze-Dried),Bump,28,100,0.5,0,0,25,4,17,1,3/15/2022 1:29:38,3/15/2022 1:29:38
1,hot,PackIt Gourmet,Broccoli - Chopped (Freeze-Dried),Bump,28,80,1,80,0,13,9,6,9,3/15/2022 1:29:38,3/15/2022 1:29:38
1,hot,PackIt Gourmet,Butter Powder,Bump,57,400,39,950,170,4,0,4,7,3/15/2022 1:29:38,3/15/2022 1:29:38
1,hot,PackIt Gourmet,Carrot Dices (Freeze-Dried),Bump,57,190,1,160,1450,45,13,22,5,3/15/2022 1:29:38,3/15/2022 1:29:38
1,hot,PackIt Gourmet,Celery - Chopped (Freeze-Dried),Bump,14,45,0,220,0,3,0,3,2,3/15/2022 1:29:38,3/15/2022 1:29:38
1,cold,PackIt Gourmet,"Cheese, Cheddar - Shredded (Freeze-Dried)",Bump,85,530,43,810,130,2,0,2,32,3/15/2022 1:29:38,3/15/2022 1:29:38
1,cold,PackIt Gourmet,"Cheese, Monterey Jack - Shredded (Freeze-Dried)",Bump,85,520,42,740,110,1,0,1,34,3/15/2022 1:29:38,3/15/2022 1:29:38
1,cold,PackIt Gourmet,"Cheese, Mozzarella - Shredded (Freeze-Dried)",Bump,85,550,41,550,0,0,0,0,34,3/15/2022 1:29:38,3/15/2022 1:29:38
1,cold,PackIt Gourmet,"Cheese, Parmesan - Powder",Bump,57,290,19,1130,230,7,0,6,23,3/15/2022 1:29:38,3/15/2022 1:29:38
1,hot,PackIt Gourmet,Chicken - White Meat (Freeze-Dried),Bump,57,230,2,65,0,0,0,0,52,3/15/2022 1:29:38,3/15/2022 1:29:38
1,hot,PackIt Gourmet,"Corn, Sweet - Roasted (Freeze-Dried)",Bump,57,190,2.5,0,580,43,7,12,7,3/15/2022 1:29:38,3/15/2022 1:29:38
1,hot,PackIt Gourmet,"Corn, Yellow - Whole Kernel (Freeze-Dried)",Bump,57,200,5,0,550,39,4,11,9,3/15/2022 1:29:38,3/15/2022 1:29:38
1,cold,PackIt Gourmet,Edamame (Freeze-Dried),Bump,57,250,12,0,1080,18,6,4,22,3/15/2022 1:29:38,3/15/2022 1:29:38
1,hot,PackIt Gourmet,Green Beans (Freeze-Dried),Bump,28,100,0,15,0,20,9,7,5,3/15/2022 1:29:38,3/15/2022 1:29:38
1,hot,PackIt Gourmet,Green English Peas (Freeze-Dried),Bump,57,210,1,15,630,37,13,14,14,3/15/2022 1:29:38,3/15/2022 1:29:38
1,hot,PackIt Gourmet,Ground Beef (Freeze-Dried),Bump,57,350,24,730,0,0,0,0,31,3/15/2022 1:29:38,3/15/2022 1:29:38
1,hot,PackIt Gourmet,Jalapeno Pepper Dices (Freeze-Dried),Bump,28,90,1,10,790,21,8,12,3,3/15/2022 1:29:38,3/15/2022 1:29:38
1,hot,PackIt Gourmet,Lentils (Pre-Cooked),Bump,85,310,2,15,0,53,17,2,21,3/15/2022 1:29:38,3/15/2022 1:29:38
1,cold,PackIt Gourmet,Mango Dices (Freeze-Dried),Bump,28,100,0,5,0,25,2,18,1,3/15/2022 1:29:38,3/15/2022 1:29:38
1,hot,PackIt Gourmet,"Mushroom, White Dices (Freeze-Dried)",Bump,14,40,0.5,5,0,7,0,2,5,3/15/2022 1:29:38,3/15/2022 1:29:38
1,hot,PackIt Gourmet,Okra Slices (Freeze-Dried),Bump,14,50,0,0,310,10,3,3,2,3/15/2022 1:29:38,3/15/2022 1:29:38
1,hot,PackIt Gourmet,"Onions, Sweet White - Chopped (Freeze-Dried)",Bump,57,200,0,20,920,46,5,21,5,3/15/2022 1:29:38,3/15/2022 1:29:38
1,hot,PackIt Gourmet,"Onions, White Dices (Freeze-Dried)",Bump,28,100,0,10,360,23,0,10,3,3/15/2022 1:29:38,3/15/2022 1:29:38
1,cold,PackIt Gourmet,Pineapple Dices (Freeze-Dried),Bump,28,110,0,0,0,25,2,23,1,3/15/2022 1:29:38,3/15/2022 1:29:38
1,hot,PackIt Gourmet,Pork Sausage - Crumbles (Freeze-Dried),Bump,57,400,36,1180,310,1,0,0,17,3/15/2022 1:29:38,3/15/2022 1:29:38
1,hot,PackIt Gourmet,Potato Dices (Freeze-Dried),Bump,57,210,0,100,1410,46,11,0,6,3/15/2022 1:29:38,3/15/2022 1:29:38
9,hot,PackIt Gourmet,"Rice, Brown (Instant)",Bump,44,160,1.5,20,0,34,2,0,3,3/15/2022 1:29:38,3/15/2022 1:29:38
9,hot,PackIt Gourmet,"Rice, White (Instant)",Bump,44,160,0,5,0,36,1,0,4,3/15/2022 1:29:38,3/15/2022 1:29:38
1,hot,PackIt Gourmet,Roast Beef Dices (Freeze-Dried),Bump,57,300,11,1020,540,0,0,0,41,3/15/2022 1:29:38,3/15/2022 1:29:38
1,cold,PackIt Gourmet,Sour Cream Powder,Bump,57,350,30,310,0,12,0,12,9,3/15/2022 1:29:38,3/15/2022 1:29:38
1,hot,PackIt Gourmet,Spinach - Chopped (Freeze-Dried),Bump,14,35,0.5,125,890,6,0,1,5,3/15/2022 1:29:38,3/15/2022 1:29:38
1,hot,PackIt Gourmet,Tomato Dices (Freeze-Dried),Bump,57,180,2,50,2320,38,12,26,9,3/15/2022 1:29:38,3/15/2022 1:29:38
1,hot,PackIt Gourmet,"Tomato, Red Ripe - Large Dices (Freeze-Dried)",Bump,14,40,0,440,0,8,2,5,2,3/15/2022 1:29:38,3/15/2022 1:29:38
1,hot,PackIt Gourmet,Vegetable Blend - Chopped (Freeze-Dried),Bump,57,180,1,160,1430,43,5,17,7,3/15/2022 1:29:38,3/15/2022 1:29:38
1,hot,PackIt Gourmet,Zucchini Slices (Freeze-Dried),Bump,14,40,0,25,660,9,4,4,3,3/15/2022 1:29:38,3/15/2022 1:29:38
1,cold,PackIt Gourmet,Boston Crème Parfait,Dessert,152,610,19,810,20,98,0,75,9,3/15/2022 1:29:38,3/15/2022 1:29:38
1,cold,PackIt Gourmet,Meyer Lemon Cheesecake,Dessert,149,650,21,1230,490,98,0,82,14,3/15/2022 1:29:38,3/15/2022 1:29:38
4,cook,PackIt Gourmet,Molten Chocolate Lava Cakes,Dessert,50,200,5,230,130,40,2,25,2,3/15/2022 1:29:38,3/15/2022 1:29:38
1,cold,PackIt Gourmet,Mom's Banana Puddin',Dessert,110,470,17,700,100,73,2,51,8,3/15/2022 1:29:38,3/15/2022 1:29:38
1,cold,PackIt Gourmet,Pumpkin Cheesecake,Dessert,147,630,20,1180,500,96,0,80,14,3/15/2022 1:29:38,3/15/2022 1:29:38
1,cold,PackIt Gourmet,Strawberry Cheesecake,Dessert,142,620,20,1170,500,93,1,79,14,3/15/2022 1:29:38,3/15/2022 1:29:38
1,cold,PackIt Gourmet,Berry Berry Jump Start Smoothie,Drink,100,380,5,470,940,76,4,45,11,3/15/2022 1:29:38,3/15/2022 1:29:38
1,cold,PackIt Gourmet,Peach Passion Jump Start Smoothie,Drink,100,400,6,160,530,51,2,46,34,3/15/2022 1:29:38,3/15/2022 1:29:38
1,hot,PackIt Gourmet,All-American Works Burger (BYOB),Entrée,90,470,33,1470,350,6,1,2,36,3/15/2022 1:29:38,3/15/2022 1:29:38
1,hot,PackIt Gourmet,Austintacious Tortilla Soup,Entrée,99,370,9,1100,710,51,6,9,23,3/15/2022 1:29:38,3/15/2022 1:29:38
1,hot,PackIt Gourmet,Big'un Burrito with Fajita Chicken (BYOB),Entrée,102,380,10,490,1070,52,10,7,25,3/15/2022 1:29:38,3/15/2022 1:29:38
1,cold,PackIt Gourmet,Cajun Ranch Chicken Salad (BYOB),Entrée,90,420,23,510,120,13,1,8,41,3/15/2022 1:29:38,3/15/2022 1:29:38
1,cold,PackIt Gourmet,Curry Mango Chicken Salad (BYOB),Entrée,92,430,24,470,150,16,2,10,40,3/15/2022 1:29:38,3/15/2022 1:29:38
1,cold,PackIt Gourmet,Deli-Smoked Roast Beef Wrap (BYOB),Entrée,89,420,21,1560,870,7,2,4,41,3/15/2022 1:29:38,3/15/2022 1:29:38
1,hot,PackIt Gourmet,Dottie's Chicken & Dumplings,Entrée,112,370,6,1420,370,34,2,6,44,3/15/2022 1:29:38,3/15/2022 1:29:38
1,cold,PackIt Gourmet,Herb-Roasted Turkey Wrap (BYOB),Entrée,90,430,25,480,180,18,2,13,37,3/15/2022 1:29:38,3/15/2022 1:29:38
1,cold,PackIt Gourmet,Kickin' Chicken Hot Wings Wrap (BYOB),Entrée,88,410,23,510,260,10,3,5,42,3/15/2022 1:29:38,3/15/2022 1:29:38
1,cook,PackIt Gourmet,Market Pasta Puttanesca,Entrée,189,710,16,1030,1780,122,14,26,24,3/15/2022 1:29:38,3/15/2022 1:29:38
1,cook,PackIt Gourmet,Pasta Beef Bolognese,Entrée,207,800,21,1260,2030,128,16,28,30,3/15/2022 1:29:38,3/15/2022 1:29:38
1,hot,PackIt Gourmet,Pizza Margherita Wrap (BYOB),Entrée,103,620,49,740,150,9,3,5,32,3/15/2022 1:29:38,3/15/2022 1:29:38
1,hot,PackIt Gourmet,Poblano Corn Chowder,Entrée,110,420,13,580,370,69,5,18,15,3/15/2022 1:29:38,3/15/2022 1:29:38
1,hot,PackIt Gourmet,Ramen Rescue with Chicken (BYO-Ramen),Entrée,19,60,0.5,40,280,11,3,5,6,3/15/2022 1:29:38,3/15/2022 1:29:38
1,hot,PackIt Gourmet,Shepherd's Cottage Pie,Entrée,154,660,,,,,,,,3/15/2022 1:29:38,3/15/2022 1:29:38
1,cold,PackIt Gourmet,Texas Mesquite Chicken Salad (BYOB),Entrée,82,400,23,570,130,8,1,4,40,3/15/2022 1:29:38,3/15/2022 1:29:38
1,hot,PackIt Gourmet,Texas State Fair Chili,Entrée,155,680,27,1510,470,72,21,7,39,3/15/2022 1:29:38,3/15/2022 1:29:38
1,hot,PackIt Gourmet,The 'Big Easy' Cajun Gumbo,Entrée,114,390,4,1460,630,55,4,8,36,3/15/2022 1:29:38,3/15/2022 1:29:38
1,hot,PackIt Gourmet,Trailside Bean & Cheese Burrito (BYOB),Entrée,95,410,19,1110,50,42,11,3,23,3/15/2022 1:29:38,3/15/2022 1:29:38
1,hot,PackIt Gourmet,Tuscan Beef Stew & Italian Polenta,Entrée,145,560,14,1780,1070,69,11,17,41,3/15/2022 1:29:38,3/15/2022 1:29:38
1,hot,PackIt Gourmet,Vegetable Ramen Rescue (BYO-Ramen),Entrée,19,60,0.5,45,360,14,4,6,2,3/15/2022 1:29:38,3/15/2022 1:29:38
2,hot,PackIt Gourmet,Cheddar-Jack Cheese Spread (BYOB),Side,42,210,16,460,100,4,0,3,12,3/15/2022 1:29:38,3/15/2022 1:29:38
2,hot,PackIt Gourmet,Happy Hour Black Bean Dip,Side,40,160,5,400,490,20,5,1,10,3/15/2022 1:29:38,3/15/2022 1:29:38
2,cold,PackIt Gourmet,Happy Hour Pico de Gallo Salsa,Side,11,35,0,300,60,7,1,4,1,3/15/2022 1:29:38,3/15/2022 1:29:38
2,hot,PackIt Gourmet,Happy Hour Queso Rico Dip,Side,50,220,13,870,210,12,1,10,14,3/15/2022 1:29:38,3/15/2022 1:29:38
1,cold,PackIt Gourmet,Many Beans Salad,Side,169,770,39,470,760,92,18,30,25,3/15/2022 1:29:38,3/15/2022 1:29:38
2,cook,PackIt Gourmet,Rustic Skillet Bread,Side,83,320,9,630,90,54,1,5,8,3/15/2022 1:29:38,3/15/2022 1:29:38
1,cold,PackIt Gourmet,Southwest Corn & Black Bean Salad,Side,143,530,22,490,1270,73,13,17,21,3/15/2022 1:29:38,3/15/2022 1:29:38
1,hot,Paleo Meals To Go,Butte Cacao Banana Porridge,Breakfast,92,430,25,150,670,46,14,21,13,3/15/2022 1:29:38,3/15/2022 1:29:38
1,hot,Paleo Meals To Go,Cliffside Coconut Berry Porridge,Breakfast,92,490,36,140,460,38,13,13,10,3/15/2022 1:29:38,3/15/2022 1:29:38
1,hot,Paleo Meals To Go,Palisade Pineapple Mango Porridge,Breakfast,92,490,34,140,590,41,12,18,10,3/15/2022 1:29:38,3/15/2022 1:29:38
1,hot,Paleo Meals To Go,Bedrock Beef Chili,Entrée,85,420,8,490,920,42,8,17,36,3/15/2022 1:29:38,3/15/2022 1:29:38
1,hot,Paleo Meals To Go,Caldera Chicken Curry,Entrée,85,400,7,500,1030,40,9,22,37,3/15/2022 1:29:38,3/15/2022 1:29:38
1,hot,Paleo Meals To Go,Mountain Beef Stew,Entrée,85,410,8,570,1250,35,10,18,37,3/15/2022 1:29:38,3/15/2022 1:29:38
1,hot,Paleo Meals To Go,Summit Savory Chicken,Entrée,85,350,2,690,1230,31,9,12,41,3/15/2022 1:29:38,3/15/2022 1:29:38
2,hot,Patagonia Provisions,Organic Breakfast Grains,Breakfast,59,210,3,125,,42,8,8,8,3/15/2022 1:29:38,3/15/2022 1:29:38
2,hot,Patagonia Provisions,Organic Black Bean Soup,Entrée,82,280,1.5,440,1160,54,13,4,17,3/15/2022 1:29:38,3/15/2022 1:29:38
2,hot,Patagonia Provisions,Organic Green Lentil Soup,Entrée,65,210,1.5,420,430,40,7,1,13,3/15/2022 1:29:38,3/15/2022 1:29:38
2.5,hot,Patagonia Provisions,Organic Red Bean Chili,Entrée,65,220,2,380,860,40,12,5,14,3/15/2022 1:29:38,3/15/2022 1:29:38
1,hot,Patagonia Provisions,"Organic Savory Grains, Green Kale, Wheat",Entrée,110,370,2.5,450,600,77,12,5,16,3/15/2022 1:29:38,3/15/2022 1:29:38
2,hot,Patagonia Provisions,Organic Tsampa Soup,Entrée,40,130,0.5,470,,29,5,2,4,3/15/2022 1:29:38,3/15/2022 1:29:38
1,hot,Patagonia Provisions,"Savory Grains, Mushroom, Wheat",Entrée,116,380,2.5,470,459,81,12,5,16,3/15/2022 1:29:38,3/15/2022 1:29:38
2.5,hot,Patagonia Provisions,Spicy Red Bean Chili,Entrée,65,220,2,380,1030,40,13,5,13,3/15/2022 1:29:38,3/15/2022 1:29:38
2,hot,Peak Refuel,Breakfast Skillet,Breakfast,69,320,16,630,854,24,3,6,20,3/15/2022 1:29:38,3/15/2022 1:29:38
2,cold,Peak Refuel,Mountain Berry Granola,Breakfast,72,280,1,150,553,54,2,16,7,3/15/2022 1:29:38,3/15/2022 1:29:38
2,cold,Peak Refuel,Strawberry Granola,Breakfast,67,260,4.5,200,345,44,3,23,12,3/15/2022 1:29:38,3/15/2022 1:29:38
2,hot,Peak Refuel,Beef Chili Mac,Entrée,75,370,15,400,398,38,6,6,20,3/15/2022 1:29:38,3/15/2022 1:29:38
2,hot,Peak Refuel,Beef Pasta Marinara,Entrée,90,520,27,470,312,28,2,3,24,3/15/2022 1:29:38,3/15/2022 1:29:38
2,hot,Peak Refuel,Beef Stroganoff,Entrée,71,400,23,470,71,25,1,4,20,3/15/2022 1:29:38,3/15/2022 1:29:38
2,hot,Peak Refuel,Biscuits & Sausage Gravy,Entrée,96,570,45,930,400,27,1,9,18,3/15/2022 1:29:38,3/15/2022 1:29:38
2,hot,Peak Refuel,Bison Ranch Mashers,Entrée,105,560,33,680,826,47,5,12,20,3/15/2022 1:29:38,3/15/2022 1:29:38
2,hot,Peak Refuel,Butternut Dal Bhat,Entrée,83,430,22,650,422,52,6,1,12,3/15/2022 1:29:38,3/15/2022 1:29:38
2,hot,Peak Refuel,Chicken Alfredo Pasta,Entrée,70,430,24,410,315,27,1,3,26,3/15/2022 1:29:38,3/15/2022 1:29:38
2,hot,Peak Refuel,Chicken Coconut Curry,Entrée,76,430,22,480,490,33,3,7,22,3/15/2022 1:29:38,3/15/2022 1:29:38
2,hot,Peak Refuel,Chicken Pesto Pasta,Entrée,81,460,32,450,281,21,1,2,22,3/15/2022 1:29:38,3/15/2022 1:29:38
2,hot,Peak Refuel,Chicken Teriyaki Rice,Entrée,69,290,3.5,680,88,38,2,12,20,3/15/2022 1:29:38,3/15/2022 1:29:38
2,hot,Peak Refuel,Elk Ragu Pasta,Entrée,79,420,17,410,689,44,6,12,22,3/15/2022 1:29:38,3/15/2022 1:29:38
2,hot,Peak Refuel,Homestyle Chicken & Rice,Entrée,73,370,19,610,190,30,2,3,20,3/15/2022 1:29:38,3/15/2022 1:29:38
2,hot,Peak Refuel,Sweet Pork & Rice,Entrée,91,400,8,470,382,63,5,26,20,3/15/2022 1:29:38,3/15/2022 1:29:38
2,hot,Peak Refuel,Three Bean Chili Mac,Entrée,68,300,2,590,702,59,10,9,15,3/15/2022 1:29:38,3/15/2022 1:29:38
2,hot,Peak Refuel,Venison Country Casserole,Entrée,88,460,29,700,153,34,2,5,20,3/15/2022 1:29:38,3/15/2022 1:29:38
2.5,cold,ReadyWise,Appalachian Apple Cinnamon Cereal,Breakfast,53,210,3,110,160,42,5,13,4,3/15/2022 1:29:38,3/15/2022 1:29:38
2.5,cold,ReadyWise,Daybreak Coconut Blueberry Multi-Grain,Breakfast,48,190,4.5,75,160,35,5,9,4,3/15/2022 1:29:38,3/15/2022 1:29:38
2.5,hot,ReadyWise,Early Dawn Breakfast Skillet,Breakfast,42,190,9,560,360,20,2,2,8,3/15/2022 1:29:38,3/15/2022 1:29:38
2.5,cold,ReadyWise,Sunrise Strawberry Granola Crunch,Breakfast,50,200,4,130,190,34,1,14,5,3/15/2022 1:29:38,3/15/2022 1:29:38
2,cold,ReadyWise,Trail Treats Cookie Dough Snacks,Dessert,55,260,9,70,0,43,1,24,2,3/15/2022 1:29:38,3/15/2022 1:29:38
2,hot,ReadyWise,Trail Treats Mango Sticky Rice,Dessert,81,350,11,45,40,59,1,20,4,3/15/2022 1:29:38,3/15/2022 1:29:38
2.5,hot,ReadyWise,Backcountry Wild Rice Risotto,Entrée,76,210,2,1130,560,42,5,6,8,3/15/2022 1:29:38,3/15/2022 1:29:38
2.5,hot,ReadyWise,Basecamp Four Bean & Vegetable Soup,Entrée,59,200,1.5,330,630,38,12,4,11,3/15/2022 1:29:38,3/15/2022 1:29:38
2.5,hot,ReadyWise,Crest Peak Creamy Pasta & Chicken,Entrée,49,190,3,480,430,27,1,4,13,3/15/2022 1:29:38,3/15/2022 1:29:38
2.5,hot,ReadyWise,Desert High Chili Mac with Beef,Entrée,66,260,6,640,480,39,6,4,13,3/15/2022 1:29:38,3/15/2022 1:29:38
2.5,hot,ReadyWise,Golden Fields Mac & Cheese,Entrée,63,250,5,600,480,43,1,5,6,3/15/2022 1:29:38,3/15/2022 1:29:38
2.5,hot,ReadyWise,High Plateau Veggie Chili Soup,Entrée,57,190,1,720,570,38,8,2,8,3/15/2022 1:29:38,3/15/2022 1:29:38
2.5,hot,ReadyWise,Old Country Pasta Alfredo with Chicken,Entrée,60,260,8,530,340,32,1,2,14,3/15/2022 1:29:38,3/15/2022 1:29:38
2.5,hot,ReadyWise,Open Range Cheesy Potato Soup,Entrée,52,210,7,950,360,34,2,2,3,3/15/2022 1:29:38,3/15/2022 1:29:38
2.5,hot,ReadyWise,Still Lake Lasagna with Sausage,Entrée,67,290,10,730,510,34,2,5,13,3/15/2022 1:29:38,3/15/2022 1:29:38
2.5,hot,ReadyWise,Summit Sweet Potato Curry,Entrée,75,300,7,440,520,51,7,9,8,3/15/2022 1:29:38,3/15/2022 1:29:38
2.5,hot,ReadyWise,Switchback Spicy Asian Style Noodles,Entrée,64,220,1,710,840,46,4,9,7,3/15/2022 1:29:38,3/15/2022 1:29:38
2.5,hot,ReadyWise,Trailhead Noodles & Beef,Entrée,64,280,8,560,480,35,1,5,13,3/15/2022 1:29:38,3/15/2022 1:29:38
2.5,hot,ReadyWise,Treeline Teriyaki Chicken & Rice,Entrée,68,250,2,790,280,46,1,9,12,3/15/2022 1:29:38,3/15/2022 1:29:38
1,hot,Trailtopia,Apple Cinnamon Oatmeal,Breakfast,58,214,3,1,,43,5,12,6,3/15/2022 1:29:38,3/15/2022 1:29:38
1,hot,Trailtopia,Banana Oatmeal,Breakfast,64,233,3,1,,48,5,16,6,3/15/2022 1:29:38,3/15/2022 1:29:38
1,hot,Trailtopia,Blueberry Oatmeal,Breakfast,57,211,3,1,,41,5,11,6,3/15/2022 1:29:38,3/15/2022 1:29:38
1,hot,Trailtopia,Brown Sugar & Raisin Oatmeal,Breakfast,75,303,3,1,,66,5,32,7,3/15/2022 1:29:38,3/15/2022 1:29:38
2,cook,Trailtopia,Egg Scramble,Breakfast,47,310,23,375,0,2,1,1,20,3/15/2022 1:29:38,3/15/2022 1:29:38
1,hot,Trailtopia,Mango Oatmeal,Breakfast,58,215,3,1,,43,5,12,6,3/15/2022 1:29:38,3/15/2022 1:29:38
1,hot,Trailtopia,Peach Oatmeal,Breakfast,57,215,3,1,,42,5,8,6,3/15/2022 1:29:38,3/15/2022 1:29:38
1,hot,Trailtopia,Raspberry Chocolate Oatmeal,Breakfast,65,253,6,2,,47,6,10,7,3/15/2022 1:29:38,3/15/2022 1:29:38
1,hot,Trailtopia,Strawberry Oatmeal,Breakfast,56,207,3,1,,41,5,10,6,3/15/2022 1:29:38,3/15/2022 1:29:38
2,hot,Trailtopia,Apple Crisp,Dessert,55,217,4,43,,45,4,30,1,3/15/2022 1:29:38,3/15/2022 1:29:38
2,hot,Trailtopia,Cheesecake Chocolate Raspberry,Dessert,81,343,9,444,,63,2,43,6,3/15/2022 1:29:38,3/15/2022 1:29:38
2,hot,Trailtopia,Cheesecake Chocolate Strawberry,Dessert,77,320,9,434,,58,2,43,6,3/15/2022 1:29:38,3/15/2022 1:29:38
2,hot,Trailtopia,Peach Blueberry Crisp,Dessert,61,251,4,47,,50,3,25,2,3/15/2022 1:29:38,3/15/2022 1:29:38
2,hot,Trailtopia,Rocky Road Chocolate Pudding,Dessert,35,122,1,55,,31,3,17,1,3/15/2022 1:29:38,3/15/2022 1:29:38
2,hot,Trailtopia,Triple Berry Crisp,Dessert,59,235,4,48,,48,4,31,2,3/15/2022 1:29:38,3/15/2022 1:29:38
2,hot,Trailtopia,Beef & Black Bean Burrito (BYOB),Entrée,105,425,13,870,1000,54,12,11,21,3/15/2022 1:29:38,3/15/2022 1:29:38
2,hot,Trailtopia,Beef Stew,Entrée,72,270,3,930,1350,45,8,8,15,3/15/2022 1:29:38,3/15/2022 1:29:38
2,hot,Trailtopia,Beef Stroganoff,Entrée,88,320,8,1290,,47,3,9,18,3/15/2022 1:29:38,3/15/2022 1:29:38
2,hot,Trailtopia,Beer Braised Chicken Stew,Entrée,85,300,4,860,1046,50,6,13,20,3/15/2022 1:29:38,3/15/2022 1:29:38
2,hot,Trailtopia,Cajun Smack Chicken & Rice,Entrée,84,315,4,660,1322,44,7,5,21,3/15/2022 1:29:38,3/15/2022 1:29:38
2,hot,Trailtopia,Chicken Cashew Curry,Entrée,89,360,8,430,,54,5,11,19,3/15/2022 1:29:38,3/15/2022 1:29:38
2,hot,Trailtopia,Chicken Stew with Noodles,Entrée,80,330,5,835,,50,4,6,21,3/15/2022 1:29:38,3/15/2022 1:29:38
2,hot,Trailtopia,Chili Mac with Beef,Entrée,87,340,6,440,,83,6,8,15,3/15/2022 1:29:38,3/15/2022 1:29:38
2,hot,Trailtopia,Garden Vegetable Pasta,Entrée,100,380,12,600,1950,55,8,18,17,3/15/2022 1:29:38,3/15/2022 1:29:38
2,hot,Trailtopia,Ginger Chicken Stir Fry,Entrée,82,320,4,1100,,48,10,8,22,3/15/2022 1:29:38,3/15/2022 1:29:38
2,hot,Trailtopia,Jambalaya,Entrée,96,370,8,1110,,48,8,7,20,3/15/2022 1:29:38,3/15/2022 1:29:38
2,hot,Trailtopia,Pesto Chicken Pasta,Entrée,96,370,4,1050,,57,4,4,21,3/15/2022 1:29:38,3/15/2022 1:29:38
2,hot,Trailtopia,Pesto Pasta with Hemp Seed Protein,Entrée,100,420,12,1040,0,58,5,4,16,3/15/2022 1:29:38,3/15/2022 1:29:38
1,hot,Trailtopia,Ramen Noodles - Beef flavored Stroganoff,Entrée,77,258,6,600,,43,3,8,11,3/15/2022 1:29:38,3/15/2022 1:29:38
1,hot,Trailtopia,Ramen Noodles - Beef with Vegetables & Mushrooms,Entrée,68,200,1,600,,41,2,4,11,3/15/2022 1:29:38,3/15/2022 1:29:38
1,hot,Trailtopia,Ramen Noodles - Chicken flavored with Broccoli,Entrée,64,190,1,998,,38,2,3,9,3/15/2022 1:29:38,3/15/2022 1:29:38
1,hot,Trailtopia,Ramen Noodles - Curry,Entrée,70,216,1,241,,43,3,8,12,3/15/2022 1:29:38,3/15/2022 1:29:38
2,hot,Trailtopia,Sweet Potato Chili Mac with Hemp Seed Protein,Entrée,110,430,10,285,0,70,7,13,16,3/15/2022 1:29:38,3/15/2022 1:29:38
2,hot,Trailtopia,Szechuan Chicken with Rice,Entrée,110,422,8,700,2850,59,11,10,27,3/15/2022 1:29:38,3/15/2022 1:29:38
2,hot,Trailtopia,Teriyaki Chicken & Rice,Entrée,86,310,1,1130,,54,8,12,19,3/15/2022 1:29:38,3/15/2022 1:29:38
